diverted,frequency,relative_frequency
0.0,15887546,0.9974924478032784
1.0,39939,0.0025075521967215793
