mkt_carrier,frequency,relative_frequency
AA,4138991,0.2598646930133665
DL,3487118,0.21893713916541124
UA,3092995,0.19419230343020258
WN,2713963,0.1703949493595505
AS,853796,0.05360519881199072
B6,600928,0.037728994878978066
NK,380654,0.02389919061295616
F9,255388,0.01603442100243698
G4,201464,0.012648826854961721
HA,184622,0.011591409440975772
VX,17566,0.0011028734291697654
