mkt_unique_carrier,frequency,relative_frequency
AA,172420,0.2610225325331993
DL,143649,0.21746680069517194
UA,128306,0.19423939832504739
WN,109770,0.16617818928296768
AS,36197,0.054797776418653375
B6,24709,0.037406366757701086
NK,17477,0.026458014157770122
F9,12467,0.01887349445012989
HA,7787,0.011788553884909077
G4,7774,0.01176887349445013
