cancelled,frequency,relative_frequency
0.0,15658277,0.9830978964977836
1.0,269208,0.01690210350221645
