,crs_elapsed_time,flights,distance
null_count,0,0,0
count,660556,660556,660556
mean,140.9187003070140912,1.00000000000000000000,765.5316733176293910
standard_deviation,71.5703673947850682,0,579.020672757183
variance,5122.3174890245135950,0,335264.939480180831
range,777,0,5064
min,-77,1,31
q1,90.0,1.0,342.0
median,122.0,1.0,605.0
q3,171.0,1.0,1009.0
max,700,1,5095
interquartile_range (IQR),81.0,0.0,667.0
skewness,0.7930111718998634,,0.831740631400304
