carrier_group_new,frequency,relative_frequency
2,1052,0.34662273476112027
3,999,0.32915980230642505
1,984,0.3242174629324547
