year,frequency,relative_frequency
2016,682,0.22471169686985173
2015,661,0.21779242174629324
2017,634,0.2088962108731466
2018,600,0.19769357495881384
2019,458,0.15090609555189458
