data_source,frequency,relative_frequency
DU,1886339,0.8025277207331045
IU,256954,0.10931900785238186
IF,192055,0.08170825148894043
DF,15149,0.006445019925573187
