year,frequency,relative_frequency
2019,486387,0.2069294281166919
2018,475184,0.2021632020802409
2016,470597,0.20021169990857252
2017,464430,0.19758799947415376
2015,453899,0.19310767042034088
