aircraft_config,frequency,relative_frequency
1,1957796,0.8329285253288985
2,309039,0.13147815121652995
3,61449,0.02614298167579027
4,22213,0.009450341778781254
