region,frequency,relative_frequency
D,1924852,0.8189127661086145
I,238757,0.10157724089841424
L,131874,0.05610473019110426
A,33814,0.014385893706735214
P,20642,0.008781972493476911
S,558,0.00023739660165488405
