carrier_group,frequency,relative_frequency
3,1384411,0.5889864994509671
1,454287,0.19327274189245933
2,304595,0.12958748724205987
0,207204,0.08815327141451361
