class,frequency,relative_frequency
F,1779157,0.7569280028861981
L,259176,0.11026433983961689
G,238156,0.10132155029340603
P,74008,0.03148610698077896
